index, km_v, km_h, km_c, km_adjustRand, ag_v, ag_adjustedRand, sc_v, sc_adjustedRand, maxFeature, numDocs, useHashingPipeLine, date 
crisis3, 0.5420473875915548, 0.5118687755376082, 0.5760074703689886, 0.42546607012377474, 0.2425812366191477, 0.010373549799069197, 0.03979519291518766, 0.003036851561645567, 1000, 1500, False, 2023-06-28 17:13:19.149053  
crisis3, 0.429716105875776, 0.3885836941858287, 0.4805872946355784, 0.24489232296734573, 0.2425812366191477, 0.010373549799069197, 0.03979519291518766, 0.003036851561645567, 1000, 1500, False, 2023-06-28 17:13:19.170995  
crisis3, 0.5407306156820856, 0.5142811690657815, 0.5700481546922015, 0.4476091610521984, 0.2425812366191477, 0.010373549799069197, 0.03979519291518766, 0.003036851561645567, 1000, 1500, False, 2023-06-28 17:13:19.193934  
crisis3, 0.556835336386639, 0.527324936663952, 0.5898444836434722, 0.44708733753464863, 0.2425812366191477, 0.010373549799069197, 0.03979519291518766, 0.003036851561645567, 1000, 1500, False, 2023-06-28 17:13:19.217869  
crisis3, 0.5445256167189253, 0.5139105601591311, 0.5790193838447356, 0.42881471859372156, 0.2425812366191477, 0.010373549799069197, 0.03979519291518766, 0.003036851561645567, 1000, 1500, False, 2023-06-28 17:13:19.240335  
crisis3, 0.35436476322487587, 0.30241041250897244, 0.4278738292787637, 0.16043263812309957, 0.2425812366191477, 0.010373549799069197, 0.03979519291518766, 0.003036851561645567, 1000, 1500, False, 2023-06-28 17:13:19.259284  
crisis3, 0.556835336386639, 0.527324936663952, 0.5898444836434722, 0.44708733753464863, 0.2425812366191477, 0.010373549799069197, 0.03979519291518766, 0.003036851561645567, 1000, 1500, False, 2023-06-28 17:13:19.279231  
crisis3, 0.4333907093100435, 0.39442363608441544, 0.48090134568476256, 0.25919488271626057, 0.2425812366191477, 0.010373549799069197, 0.03979519291518766, 0.003036851561645567, 1000, 1500, False, 2023-06-28 17:13:19.298180  
crisis3, 0.43794998741827496, 0.3696665036512799, 0.5371750561302194, 0.2825536285036483, 0.2425812366191477, 0.010373549799069197, 0.03979519291518766, 0.003036851561645567, 1000, 1500, False, 2023-06-28 17:13:19.318127  
crisis3, 0.5093531439055772, 0.4778184062882435, 0.5453444177862953, 0.37288694263907013, 0.2425812366191477, 0.010373549799069197, 0.03979519291518766, 0.003036851561645567, 1000, 1500, False, 2023-06-28 17:13:19.339583  
crisis3, 0.43142541736963214, 0.36439296465035687, 0.5286794330555685, 0.27571130319386855, 0.2425812366191477, 0.010373549799069197, 0.03979519291518766, 0.003036851561645567, 1000, 1500, False, 2023-06-28 17:13:19.359529  
crisis3, 0.43430287502565834, 0.3937605937561267, 0.4841520156081549, 0.2512720518716538, 0.2425812366191477, 0.010373549799069197, 0.03979519291518766, 0.003036851561645567, 1000, 1500, False, 2023-06-28 17:13:19.377481  
crisis3, 0.548746971269976, 0.5187428350062698, 0.5824350727905657, 0.4352288450777137, 0.2425812366191477, 0.010373549799069197, 0.03979519291518766, 0.003036851561645567, 1000, 1500, False, 2023-06-28 17:13:19.396430  
crisis3, 0.43662613306849557, 0.39637577708570193, 0.4859749193274782, 0.254535044298588, 0.2425812366191477, 0.010373549799069197, 0.03979519291518766, 0.003036851561645567, 1000, 1500, False, 2023-06-28 17:13:19.414382  
crisis3, 0.4495183566429824, 0.37268084302081556, 0.5662689114794809, 0.32357692866028015, 0.2425812366191477, 0.010373549799069197, 0.03979519291518766, 0.003036851561645567, 1000, 1500, False, 2023-06-28 17:13:19.435328  
crisis3, 0.6577818830365072, 0.647692151826986, 0.6681909438865329, 0.6318207454648643, 0.2425812366191477, 0.010373549799069197, 0.03979519291518766, 0.003036851561645567, 1000, 1500, False, 2023-06-28 17:13:19.456785  
crisis3, 0.5396687539331257, 0.5088321977961217, 0.5744839789596203, 0.4216858213744298, 0.2425812366191477, 0.010373549799069197, 0.03979519291518766, 0.003036851561645567, 1000, 1500, False, 2023-06-28 17:13:19.477729  
crisis3, 0.5438908149808978, 0.5133875749642026, 0.5782477631598891, 0.4279597671622935, 0.2425812366191477, 0.010373549799069197, 0.03979519291518766, 0.003036851561645567, 1000, 1500, False, 2023-06-28 17:13:19.496696  
crisis3, 0.556835336386639, 0.527324936663952, 0.5898444836434722, 0.44708733753464863, 0.2425812366191477, 0.010373549799069197, 0.03979519291518766, 0.003036851561645567, 1000, 1500, False, 2023-06-28 17:13:19.515628  
crisis3, 0.5285067568923866, 0.4978970900591736, 0.563126596724359, 0.4086219337481377, 0.2425812366191477, 0.010373549799069197, 0.03979519291518766, 0.003036851561645567, 1000, 1500, False, 2023-06-28 17:13:19.547068  
crisis3, 0.5543124756600217, 0.5246944790086986, 0.5874742711258663, 0.44342905464063204, 0.2425812366191477, 0.010373549799069197, 0.03979519291518766, 0.003036851561645567, 1000, 1500, False, 2023-06-28 17:13:19.569009  
crisis3, 0.556835336386639, 0.527324936663952, 0.5898444836434722, 0.44708733753464863, 0.2425812366191477, 0.010373549799069197, 0.03979519291518766, 0.003036851561645567, 1000, 1500, False, 2023-06-28 17:13:19.588956  
crisis3, 0.5812272214313654, 0.5665990837115137, 0.5966306985588611, 0.5605844797813458, 0.2425812366191477, 0.010373549799069197, 0.03979519291518766, 0.003036851561645567, 1000, 1500, False, 2023-06-28 17:13:19.607905  
crisis3, 0.35075779887513997, 0.32355708804335526, 0.38295167824755744, 0.253253257361416, 0.2425812366191477, 0.010373549799069197, 0.03979519291518766, 0.003036851561645567, 1000, 1500, False, 2023-06-28 17:13:19.627853  
crisis3, 0.5438597014450858, 0.5136315787600804, 0.5778682662828168, 0.4280631474000824, 0.2425812366191477, 0.010373549799069197, 0.03979519291518766, 0.003036851561645567, 1000, 1500, False, 2023-06-28 17:13:19.648321  
crisis3, 0.4714479762243285, 0.4203348379350571, 0.5367127903673461, 0.31288118150217703, 0.2425812366191477, 0.010373549799069197, 0.03979519291518766, 0.003036851561645567, 1000, 1500, False, 2023-06-28 17:13:19.668265  
crisis3, 0.4335329165741866, 0.39289286162703, 0.4835504074695476, 0.25019523156089085, 0.2425812366191477, 0.010373549799069197, 0.03979519291518766, 0.003036851561645567, 1000, 1500, False, 2023-06-28 17:13:19.688212  
crisis3, 0.2803695482855343, 0.2596340362471832, 0.30470459247601167, 0.16329005590328607, 0.2425812366191477, 0.010373549799069197, 0.03979519291518766, 0.003036851561645567, 1000, 1500, False, 2023-06-28 17:13:19.709520  
crisis3, 0.5414996543993198, 0.510607830359911, 0.5763701023741752, 0.4243083701842997, 0.2425812366191477, 0.010373549799069197, 0.03979519291518766, 0.003036851561645567, 1000, 1500, False, 2023-06-28 17:13:19.728984  
crisis3, 0.4967983203512596, 0.4836170783325473, 0.5107182184320495, 0.4894534576324558, 0.2425812366191477, 0.010373549799069197, 0.03979519291518766, 0.003036851561645567, 1000, 1500, False, 2023-06-28 17:13:19.748443  
crisis3, 0.5456677879321865, 0.5156612293247425, 0.579382304534278, 0.43079741814093025, 0.2425812366191477, 0.010373549799069197, 0.03979519291518766, 0.003036851561645567, 1000, 1500, False, 2023-06-28 17:13:19.768389  
NG3, 0.9032197803558927, 0.902957017032693, 0.9034826966535103, 0.9356665896213101, 0.30850542435529565, 0.02122932106974856, 0.8130196076236885, 0.8691482374378939, 1000, 1200, False, 2023-06-28 17:13:20.950503  
NG3, 0.9134378847596809, 0.9133797161997896, 0.9134960607289698, 0.9480388393914527, 0.30850542435529565, 0.02122932106974856, 0.8130196076236885, 0.8691482374378939, 1000, 1200, False, 2023-06-28 17:13:20.974439  
NG3, 0.8639819725391001, 0.863481694243356, 0.8644828308667398, 0.904601091262771, 0.30850542435529565, 0.02122932106974856, 0.8130196076236885, 0.8691482374378939, 1000, 1200, False, 2023-06-28 17:13:20.999373  
NG3, 0.8849183400925585, 0.8848247584818343, 0.8850119415002969, 0.928601761272185, 0.30850542435529565, 0.02122932106974856, 0.8130196076236885, 0.8691482374378939, 1000, 1200, False, 2023-06-28 17:13:21.021314  
NG3, 0.8564710062359202, 0.8558926815163566, 0.8570501130292997, 0.8972453661946078, 0.30850542435529565, 0.02122932106974856, 0.8130196076236885, 0.8691482374378939, 1000, 1200, False, 2023-06-28 17:13:21.043761  
NG3, 0.8622116655513515, 0.8618262269451958, 0.8625974490748158, 0.9044123087688961, 0.30850542435529565, 0.02122932106974856, 0.8130196076236885, 0.8691482374378939, 1000, 1200, False, 2023-06-28 17:13:21.063707  
NG3, 0.8992079157690879, 0.8989611531463055, 0.8994548139005316, 0.9332933924935687, 0.30850542435529565, 0.02122932106974856, 0.8130196076236885, 0.8691482374378939, 1000, 1200, False, 2023-06-28 17:13:21.085649  
NG3, 0.8754026968414801, 0.8752726102842847, 0.8755328220724042, 0.9214380130630087, 0.30850542435529565, 0.02122932106974856, 0.8130196076236885, 0.8691482374378939, 1000, 1200, False, 2023-06-28 17:13:21.106593  
NG3, 0.8852872674688635, 0.8851795162501563, 0.885395044923466, 0.9286186807755382, 0.30850542435529565, 0.02122932106974856, 0.8130196076236885, 0.8691482374378939, 1000, 1200, False, 2023-06-28 17:13:21.127538  
NG3, 0.8845298594472184, 0.8843266800066845, 0.8847331322726358, 0.9260642757075179, 0.30850542435529565, 0.02122932106974856, 0.8130196076236885, 0.8691482374378939, 1000, 1200, False, 2023-06-28 17:13:21.149549  
NG3, 0.8619151106992287, 0.8614675602999825, 0.8623631263637591, 0.9046106447482785, 0.30850542435529565, 0.02122932106974856, 0.8130196076236885, 0.8691482374378939, 1000, 1200, False, 2023-06-28 17:13:21.170493  
NG3, 0.8796447669581904, 0.8793712657288175, 0.8799184383686863, 0.9188016820484494, 0.30850542435529565, 0.02122932106974856, 0.8130196076236885, 0.8691482374378939, 1000, 1200, False, 2023-06-28 17:13:21.192434  
NG3, 0.9074519861936441, 0.9071924040910065, 0.9077117168913406, 0.9380914027402891, 0.30850542435529565, 0.02122932106974856, 0.8130196076236885, 0.8691482374378939, 1000, 1200, False, 2023-06-28 17:13:21.214385  
NG3, 0.8705925395801751, 0.8702567428914502, 0.8709285955095051, 0.911667986942111, 0.30850542435529565, 0.02122932106974856, 0.8130196076236885, 0.8691482374378939, 1000, 1200, False, 2023-06-28 17:13:21.235322  
NG3, 0.8820994814574982, 0.8819304139467418, 0.882268613801723, 0.9237106464029586, 0.30850542435529565, 0.02122932106974856, 0.8130196076236885, 0.8691482374378939, 1000, 1200, False, 2023-06-28 17:13:21.255773  
NG3, 0.8958937199181, 0.8957686949364219, 0.8960187798048336, 0.9358216240033904, 0.30850542435529565, 0.02122932106974856, 0.8130196076236885, 0.8691482374378939, 1000, 1200, False, 2023-06-28 17:13:21.275720  
NG3, 0.8645534170428055, 0.8640536779728117, 0.8650537345112681, 0.90443559431207, 0.30850542435529565, 0.02122932106974856, 0.8130196076236885, 0.8691482374378939, 1000, 1200, False, 2023-06-28 17:13:21.296664  
NG3, 0.8458906783913951, 0.8454907305371422, 0.8462910048044712, 0.892470126518682, 0.30850542435529565, 0.02122932106974856, 0.8130196076236885, 0.8691482374378939, 1000, 1200, False, 2023-06-28 17:13:21.319602  
NG3, 0.8737071620086257, 0.8736467573747683, 0.87376757499591, 0.9214155372884737, 0.30850542435529565, 0.02122932106974856, 0.8130196076236885, 0.8691482374378939, 1000, 1200, False, 2023-06-28 17:13:21.342063  
NG3, 0.8896013335930664, 0.8895685099758891, 0.889634159632608, 0.9335199422556993, 0.30850542435529565, 0.02122932106974856, 0.8130196076236885, 0.8691482374378939, 1000, 1200, False, 2023-06-28 17:13:21.363007  
NG3, 0.8887496699068665, 0.888523041299541, 0.888976414152452, 0.9284603051644149, 0.30850542435529565, 0.02122932106974856, 0.8130196076236885, 0.8691482374378939, 1000, 1200, False, 2023-06-28 17:13:21.384948  
NG3, 0.8621136046743156, 0.8617440830781409, 0.8624834433130785, 0.9044478533626752, 0.30850542435529565, 0.02122932106974856, 0.8130196076236885, 0.8691482374378939, 1000, 1200, False, 2023-06-28 17:13:21.405891  
NG3, 0.8682768163739771, 0.8677619368378325, 0.8687923072720963, 0.9067522431575257, 0.30850542435529565, 0.02122932106974856, 0.8130196076236885, 0.8691482374378939, 1000, 1200, False, 2023-06-28 17:13:21.427647  
NG3, 0.8864554303976989, 0.885964046394408, 0.8869473597780501, 0.918629985647243, 0.30850542435529565, 0.02122932106974856, 0.8130196076236885, 0.8691482374378939, 1000, 1200, False, 2023-06-28 17:13:21.450112  
NG3, 0.8624671710451147, 0.8622163508810535, 0.8627181371796409, 0.9068276033162034, 0.30850542435529565, 0.02122932106974856, 0.8130196076236885, 0.8691482374378939, 1000, 1200, False, 2023-06-28 17:13:21.472053  
NG3, 0.8326580360167527, 0.8320053815552857, 0.8333117152125648, 0.8779868201074269, 0.30850542435529565, 0.02122932106974856, 0.8130196076236885, 0.8691482374378939, 1000, 1200, False, 2023-06-28 17:13:21.493995  
NG3, 0.8681463755385379, 0.8676445596255155, 0.8686487722537695, 0.9069006423228752, 0.30850542435529565, 0.02122932106974856, 0.8130196076236885, 0.8691482374378939, 1000, 1200, False, 2023-06-28 17:13:21.514939  
NG3, 0.8803721317859167, 0.8803587757425044, 0.880385488234588, 0.9263596451454593, 0.30850542435529565, 0.02122932106974856, 0.8130196076236885, 0.8691482374378939, 1000, 1200, False, 2023-06-28 17:13:21.536881  
NG3, 0.8188445421878263, 0.8171026641949308, 0.8205938626258172, 0.848737680188673, 0.30850542435529565, 0.02122932106974856, 0.8130196076236885, 0.8691482374378939, 1000, 1200, False, 2023-06-28 17:13:21.558336  
NG3, 0.8863812999836844, 0.8863678527757424, 0.8863947475996514, 0.9311488036478587, 0.30850542435529565, 0.02122932106974856, 0.8130196076236885, 0.8691482374378939, 1000, 1200, False, 2023-06-28 17:13:21.580277  
NG3, 0.8591541723542583, 0.8583145695099719, 0.859995419404996, 0.8951094970268586, 0.30850542435529565, 0.02122932106974856, 0.8130196076236885, 0.8691482374378939, 1000, 1200, False, 2023-06-28 17:13:21.602218  
crisis4, 0.5664752084943844, 0.5257195693613333, 0.6140809328301086, 0.3708086953590384, 0.2928274819675092, 0.012988830888989519, 0.06673473479749487, 0.0022926944098440693, 1000, 2000, False, 2023-06-28 17:13:22.930589  
crisis4, 0.6017369438854754, 0.5687519227910877, 0.6387834761077495, 0.4327110188725609, 0.2928274819675092, 0.012988830888989519, 0.06673473479749487, 0.0022926944098440693, 1000, 2000, False, 2023-06-28 17:13:22.955556  
crisis4, 0.6266384168590521, 0.5974632340956177, 0.6588092328661713, 0.4765981752023069, 0.2928274819675092, 0.012988830888989519, 0.06673473479749487, 0.0022926944098440693, 1000, 2000, False, 2023-06-28 17:13:22.977486  
crisis4, 0.5921830826012405, 0.5585339255948018, 0.6301465799543771, 0.4180810983750003, 0.2928274819675092, 0.012988830888989519, 0.06673473479749487, 0.0022926944098440693, 1000, 2000, False, 2023-06-28 17:13:23.000425  
crisis4, 0.4561448564359262, 0.3875860563567401, 0.5541701611839709, 0.2222705783815571, 0.2928274819675092, 0.012988830888989519, 0.06673473479749487, 0.0022926944098440693, 1000, 2000, False, 2023-06-28 17:13:23.023363  
crisis4, 0.5211375348372713, 0.48347202492819086, 0.5651676472764439, 0.3981590114972601, 0.2928274819675092, 0.012988830888989519, 0.06673473479749487, 0.0022926944098440693, 1000, 2000, False, 2023-06-28 17:13:23.047811  
crisis4, 0.5229809373836999, 0.4679398599423557, 0.5926964112354844, 0.3095797571422055, 0.2928274819675092, 0.012988830888989519, 0.06673473479749487, 0.0022926944098440693, 1000, 2000, False, 2023-06-28 17:13:23.072745  
crisis4, 0.45179758060742564, 0.42331449053082687, 0.4843902041171725, 0.269167978772279, 0.2928274819675092, 0.012988830888989519, 0.06673473479749487, 0.0022926944098440693, 1000, 2000, False, 2023-06-28 17:13:23.096683  
crisis4, 0.47986438446260576, 0.45492790894596286, 0.507693139977633, 0.31739839400447856, 0.2928274819675092, 0.012988830888989519, 0.06673473479749487, 0.0022926944098440693, 1000, 2000, False, 2023-06-28 17:13:23.118622  
crisis4, 0.6223274633125243, 0.5937788941934901, 0.6537598861902433, 0.47709241997935325, 0.2928274819675092, 0.012988830888989519, 0.06673473479749487, 0.0022926944098440693, 1000, 2000, False, 2023-06-28 17:13:23.144067  
crisis4, 0.6938831328289015, 0.6733026223129347, 0.7157614618359005, 0.6061997796483329, 0.2928274819675092, 0.012988830888989519, 0.06673473479749487, 0.0022926944098440693, 1000, 2000, False, 2023-06-28 17:13:23.168006  
crisis4, 0.49838285810427946, 0.45472598512906304, 0.5513127340934556, 0.2688939073451285, 0.2928274819675092, 0.012988830888989519, 0.06673473479749487, 0.0022926944098440693, 1000, 2000, False, 2023-06-28 17:13:23.191941  
crisis4, 0.6235540278436044, 0.594285538939262, 0.6558547949515537, 0.4721450866351255, 0.2928274819675092, 0.012988830888989519, 0.06673473479749487, 0.0022926944098440693, 1000, 2000, False, 2023-06-28 17:13:23.216875  
crisis4, 0.6254981674944093, 0.5971812874561976, 0.6566341576215716, 0.4821322569159512, 0.2928274819675092, 0.012988830888989519, 0.06673473479749487, 0.0022926944098440693, 1000, 2000, False, 2023-06-28 17:13:23.240812  
crisis4, 0.6709257719528241, 0.6542546416723098, 0.6884687145680807, 0.5702090648393341, 0.2928274819675092, 0.012988830888989519, 0.06673473479749487, 0.0022926944098440693, 1000, 2000, False, 2023-06-28 17:13:23.268253  
crisis4, 0.5479086467631896, 0.5204777655387001, 0.5783917863780701, 0.4208314521052002, 0.2928274819675092, 0.012988830888989519, 0.06673473479749487, 0.0022926944098440693, 1000, 2000, False, 2023-06-28 17:13:23.295180  
crisis4, 0.6088033638921201, 0.5457344931557637, 0.688354379911667, 0.43937049347164375, 0.2928274819675092, 0.012988830888989519, 0.06673473479749487, 0.0022926944098440693, 1000, 2000, False, 2023-06-28 17:13:23.324102  
crisis4, 0.43884200760447367, 0.401783315191739, 0.48343156904863, 0.27616801981869044, 0.2928274819675092, 0.012988830888989519, 0.06673473479749487, 0.0022926944098440693, 1000, 2000, False, 2023-06-28 17:13:23.349549  
crisis4, 0.5349574020344046, 0.4945336457765568, 0.5825780069304783, 0.32455273846638155, 0.2928274819675092, 0.012988830888989519, 0.06673473479749487, 0.0022926944098440693, 1000, 2000, False, 2023-06-28 17:13:23.373484  
crisis4, 0.575092706952844, 0.5360545031488649, 0.6202634313934692, 0.38434738431421756, 0.2928274819675092, 0.012988830888989519, 0.06673473479749487, 0.0022926944098440693, 1000, 2000, False, 2023-06-28 17:13:23.398418  
crisis4, 0.6353904741623716, 0.6077504954326693, 0.6656643248946723, 0.49183097801050035, 0.2928274819675092, 0.012988830888989519, 0.06673473479749487, 0.0022926944098440693, 1000, 2000, False, 2023-06-28 17:13:23.426343  
crisis4, 0.6436033898318312, 0.616968284133539, 0.6726419818374305, 0.5119554785740423, 0.2928274819675092, 0.012988830888989519, 0.06673473479749487, 0.0022926944098440693, 1000, 2000, False, 2023-06-28 17:13:23.458754  
crisis4, 0.45243667220563494, 0.3971873418697109, 0.5255400485943855, 0.21206921225200567, 0.2928274819675092, 0.012988830888989519, 0.06673473479749487, 0.0022926944098440693, 1000, 2000, False, 2023-06-28 17:13:23.484182  
crisis4, 0.6330744515362718, 0.604859258118333, 0.6640507837167343, 0.4878358234967989, 0.2928274819675092, 0.012988830888989519, 0.06673473479749487, 0.0022926944098440693, 1000, 2000, False, 2023-06-28 17:13:23.506123  
crisis4, 0.6239917476176432, 0.5955501119152494, 0.6552861942913335, 0.4796890637147694, 0.2928274819675092, 0.012988830888989519, 0.06673473479749487, 0.0022926944098440693, 1000, 2000, False, 2023-06-28 17:13:23.541032  
crisis4, 0.6155246901060226, 0.6072972517541614, 0.6239781146128169, 0.5539836266840722, 0.2928274819675092, 0.012988830888989519, 0.06673473479749487, 0.0022926944098440693, 1000, 2000, False, 2023-06-28 17:13:23.568465  
crisis4, 0.5224972198580664, 0.48210416661544453, 0.5702779013530216, 0.4022739213866417, 0.2928274819675092, 0.012988830888989519, 0.06673473479749487, 0.0022926944098440693, 1000, 2000, False, 2023-06-28 17:13:23.595392  
crisis4, 0.5366789769030232, 0.48271032188557805, 0.6042344416451589, 0.3276570600338313, 0.2928274819675092, 0.012988830888989519, 0.06673473479749487, 0.0022926944098440693, 1000, 2000, False, 2023-06-28 17:13:23.621322  
crisis4, 0.6027723600477574, 0.5727240280655039, 0.6361482862503982, 0.43921395999378554, 0.2928274819675092, 0.012988830888989519, 0.06673473479749487, 0.0022926944098440693, 1000, 2000, False, 2023-06-28 17:13:23.647762  
crisis4, 0.5792743896946728, 0.5179459726187203, 0.6570768765709912, 0.40454304174998573, 0.2928274819675092, 0.012988830888989519, 0.06673473479749487, 0.0022926944098440693, 1000, 2000, False, 2023-06-28 17:13:23.674690  
crisis4, 0.6253309371847904, 0.5970323089482905, 0.6564456896890334, 0.4819711036848665, 0.2928274819675092, 0.012988830888989519, 0.06673473479749487, 0.0022926944098440693, 1000, 2000, False, 2023-06-28 17:13:23.699623  
R4, 0.7539547814375163, 0.7352235647368375, 0.7736653762991745, 0.7031131237346727, 0.4460295891580175, 0.07321746301291925, 0.43311982379883335, 0.2518157413220778, 1000, 800, False, 2023-06-28 17:13:24.258913  
R4, 0.6113568528658727, 0.5609850789907492, 0.6716669326092776, 0.44412111755271927, 0.4460295891580175, 0.07321746301291925, 0.43311982379883335, 0.2518157413220778, 1000, 800, False, 2023-06-28 17:13:24.289121  
R4, 0.41083893369169566, 0.34031368127314043, 0.5182361249833728, 0.1757482238422982, 0.4460295891580175, 0.07321746301291925, 0.43311982379883335, 0.2518157413220778, 1000, 800, False, 2023-06-28 17:13:24.314054  
R4, 0.5734640379836189, 0.5385411675235512, 0.6132302864078392, 0.47405282721313796, 0.4460295891580175, 0.07321746301291925, 0.43311982379883335, 0.2518157413220778, 1000, 800, False, 2023-06-28 17:13:24.337993  
R4, 0.3833966628013559, 0.32161458627764306, 0.4745593967585574, 0.18114977033918042, 0.4460295891580175, 0.07321746301291925, 0.43311982379883335, 0.2518157413220778, 1000, 800, False, 2023-06-28 17:13:24.363441  
R4, 0.6539089085024259, 0.6186671093345837, 0.6934082686191806, 0.5029992318310826, 0.4460295891580175, 0.07321746301291925, 0.43311982379883335, 0.2518157413220778, 1000, 800, False, 2023-06-28 17:13:24.386379  
R4, 0.6045441222417249, 0.5474131870275076, 0.6749896073764401, 0.43193421129119774, 0.4460295891580175, 0.07321746301291925, 0.43311982379883335, 0.2518157413220778, 1000, 800, False, 2023-06-28 17:13:24.410315  
R4, 0.387825178416335, 0.3112470849138383, 0.5143817916133918, 0.15282783623803897, 0.4460295891580175, 0.07321746301291925, 0.43311982379883335, 0.2518157413220778, 1000, 800, False, 2023-06-28 17:13:24.432258  
R4, 0.6015626933904133, 0.551000305953541, 0.6623423522558547, 0.43077465936765, 0.4460295891580175, 0.07321746301291925, 0.43311982379883335, 0.2518157413220778, 1000, 800, False, 2023-06-28 17:13:24.457719  
R4, 0.595868423304594, 0.5389741614553805, 0.6661918160261433, 0.42500195905300236, 0.4460295891580175, 0.07321746301291925, 0.43311982379883335, 0.2518157413220778, 1000, 800, False, 2023-06-28 17:13:24.481656  
R4, 0.6069670199534324, 0.5564231581077755, 0.6676108482897088, 0.4378689068743489, 0.4460295891580175, 0.07321746301291925, 0.43311982379883335, 0.2518157413220778, 1000, 800, False, 2023-06-28 17:13:24.505591  
R4, 0.7784047715271714, 0.7725220072715647, 0.7843778179216127, 0.7704939215212778, 0.4460295891580175, 0.07321746301291925, 0.43311982379883335, 0.2518157413220778, 1000, 800, False, 2023-06-28 17:13:24.526535  
R4, 0.746968634782699, 0.7388858106053854, 0.7552302541972918, 0.7209677903593813, 0.4460295891580175, 0.07321746301291925, 0.43311982379883335, 0.2518157413220778, 1000, 800, False, 2023-06-28 17:13:24.550985  
R4, 0.5814132580577315, 0.5318495750004141, 0.6411640882791879, 0.41443939114730344, 0.4460295891580175, 0.07321746301291925, 0.43311982379883335, 0.2518157413220778, 1000, 800, False, 2023-06-28 17:13:24.572928  
R4, 0.5073132243819881, 0.4765470622922753, 0.542326121714509, 0.38792829176485694, 0.4460295891580175, 0.07321746301291925, 0.43311982379883335, 0.2518157413220778, 1000, 800, False, 2023-06-28 17:13:24.595865  
R4, 0.387825178416335, 0.3112470849138383, 0.5143817916133918, 0.15282783623803897, 0.4460295891580175, 0.07321746301291925, 0.43311982379883335, 0.2518157413220778, 1000, 800, False, 2023-06-28 17:13:24.619800  
R4, 0.41083893369169566, 0.34031368127314043, 0.5182361249833728, 0.1757482238422982, 0.4460295891580175, 0.07321746301291925, 0.43311982379883335, 0.2518157413220778, 1000, 800, False, 2023-06-28 17:13:24.644736  
R4, 0.6305041486841084, 0.5687856220827348, 0.7072470243698116, 0.4626117897374596, 0.4460295891580175, 0.07321746301291925, 0.43311982379883335, 0.2518157413220778, 1000, 800, False, 2023-06-28 17:13:24.668187  
R4, 0.7786224502491549, 0.771851453871613, 0.7855132938702006, 0.764495625140628, 0.4460295891580175, 0.07321746301291925, 0.43311982379883335, 0.2518157413220778, 1000, 800, False, 2023-06-28 17:13:24.690128  
R4, 0.7934659386370985, 0.7874847957033058, 0.7995386334674632, 0.7809231278507236, 0.4460295891580175, 0.07321746301291925, 0.43311982379883335, 0.2518157413220778, 1000, 800, False, 2023-06-28 17:13:24.712070  
R4, 0.6154327185352022, 0.5648865727728907, 0.6759135795843303, 0.44869623019842825, 0.4460295891580175, 0.07321746301291925, 0.43311982379883335, 0.2518157413220778, 1000, 800, False, 2023-06-28 17:13:24.735009  
R4, 0.6373402014845391, 0.5866145969649061, 0.6976688655562675, 0.47482570563147575, 0.4460295891580175, 0.07321746301291925, 0.43311982379883335, 0.2518157413220778, 1000, 800, False, 2023-06-28 17:13:24.757480  
R4, 0.5113648184458, 0.45650075510218124, 0.5812178781054328, 0.29378934057002437, 0.4460295891580175, 0.07321746301291925, 0.43311982379883335, 0.2518157413220778, 1000, 800, False, 2023-06-28 17:13:24.780419  
R4, 0.5190495435941347, 0.48581348136766916, 0.5571671389488665, 0.3845969252114428, 0.4460295891580175, 0.07321746301291925, 0.43311982379883335, 0.2518157413220778, 1000, 800, False, 2023-06-28 17:13:24.801363  
R4, 0.619968468215351, 0.5695864693291808, 0.6801282943594423, 0.4550251667738037, 0.4460295891580175, 0.07321746301291925, 0.43311982379883335, 0.2518157413220778, 1000, 800, False, 2023-06-28 17:13:24.826305  
R4, 0.5880142025325484, 0.5300871201624551, 0.660154884543987, 0.4138120501556892, 0.4460295891580175, 0.07321746301291925, 0.43311982379883335, 0.2518157413220778, 1000, 800, False, 2023-06-28 17:13:24.849748  
R4, 0.5916185366423645, 0.5336412795148044, 0.6637291407788716, 0.4171790096332191, 0.4460295891580175, 0.07321746301291925, 0.43311982379883335, 0.2518157413220778, 1000, 800, False, 2023-06-28 17:13:24.873684  
R4, 0.5393690721588872, 0.5011961456236514, 0.583836163911726, 0.41141734363417376, 0.4460295891580175, 0.07321746301291925, 0.43311982379883335, 0.2518157413220778, 1000, 800, False, 2023-06-28 17:13:24.895626  
R4, 0.3560386820520926, 0.29340255545486765, 0.45267701923536274, 0.14733780442621666, 0.4460295891580175, 0.07321746301291925, 0.43311982379883335, 0.2518157413220778, 1000, 800, False, 2023-06-28 17:13:24.918564  
R4, 0.6986186875208328, 0.6865652375608834, 0.7111029250774045, 0.6410542092369772, 0.4460295891580175, 0.07321746301291925, 0.43311982379883335, 0.2518157413220778, 1000, 800, False, 2023-06-28 17:13:24.941504  
R4, 0.5814132580577315, 0.5318495750004141, 0.6411640882791879, 0.41443939114730344, 0.4460295891580175, 0.07321746301291925, 0.43311982379883335, 0.2518157413220778, 1000, 800, False, 2023-06-28 17:13:24.962959  
NG5, 0.7531365515520432, 0.7448139158727378, 0.7616472852211366, 0.6955514048037627, 0.36409790028471983, 0.025599236800021914, 0.6099308914347776, 0.5169405972607832, 1000, 2000, False, 2023-06-28 17:13:28.137323  
NG5, 0.7391321593843457, 0.729875466003689, 0.74862666608766, 0.673234279567329, 0.36409790028471983, 0.025599236800021914, 0.6099308914347776, 0.5169405972607832, 1000, 2000, False, 2023-06-28 17:13:28.178296  
NG5, 0.7366627717432381, 0.7271280533765386, 0.7464508671966438, 0.667517853457574, 0.36409790028471983, 0.025599236800021914, 0.6099308914347776, 0.5169405972607832, 1000, 2000, False, 2023-06-28 17:13:28.213195  
NG5, 0.7544784552422976, 0.7462279583434601, 0.7629134312143696, 0.69762158207468, 0.36409790028471983, 0.025599236800021914, 0.6099308914347776, 0.5169405972607832, 1000, 2000, False, 2023-06-28 17:13:28.253599  
NG5, 0.7506887641679547, 0.7420144624280047, 0.7595682735719854, 0.6898918053744507, 0.36409790028471983, 0.025599236800021914, 0.6099308914347776, 0.5169405972607832, 1000, 2000, False, 2023-06-28 17:13:28.289520  
NG5, 0.7552127110108894, 0.7467754823052476, 0.7638427695689305, 0.6957855822024422, 0.36409790028471983, 0.025599236800021914, 0.6099308914347776, 0.5169405972607832, 1000, 2000, False, 2023-06-28 17:13:28.325407  
NG5, 0.7352454126302935, 0.7228686602682176, 0.7480533704637551, 0.6462616672036489, 0.36409790028471983, 0.025599236800021914, 0.6099308914347776, 0.5169405972607832, 1000, 2000, False, 2023-06-28 17:13:28.366812  
NG5, 0.742022041312813, 0.7319591531875174, 0.7523654731181993, 0.6654411006759516, 0.36409790028471983, 0.025599236800021914, 0.6099308914347776, 0.5169405972607832, 1000, 2000, False, 2023-06-28 17:13:28.406705  
NG5, 0.7555095210890278, 0.747677233092188, 0.7635076404149105, 0.7015278009404721, 0.36409790028471983, 0.025599236800021914, 0.6099308914347776, 0.5169405972607832, 1000, 2000, False, 2023-06-28 17:13:28.447599  
NG5, 0.7397854132355596, 0.7308490654217032, 0.7489430019565296, 0.676382445265943, 0.36409790028471983, 0.025599236800021914, 0.6099308914347776, 0.5169405972607832, 1000, 2000, False, 2023-06-28 17:13:28.488999  
NG5, 0.7398584607063793, 0.7295444055116916, 0.75046833137802, 0.6649863543028444, 0.36409790028471983, 0.025599236800021914, 0.6099308914347776, 0.5169405972607832, 1000, 2000, False, 2023-06-28 17:13:28.527895  
NG5, 0.7383129883138737, 0.7291964038208587, 0.7476604141958222, 0.6712450205250514, 0.36409790028471983, 0.025599236800021914, 0.6099308914347776, 0.5169405972607832, 1000, 2000, False, 2023-06-28 17:13:28.566306  
NG5, 0.7313730846429334, 0.7208716298976853, 0.7421850269498048, 0.6534840349506568, 0.36409790028471983, 0.025599236800021914, 0.6099308914347776, 0.5169405972607832, 1000, 2000, False, 2023-06-28 17:13:28.601213  
NG5, 0.7059937032703946, 0.6921926969917728, 0.7203562369878396, 0.6024164063068397, 0.36409790028471983, 0.025599236800021914, 0.6099308914347776, 0.5169405972607832, 1000, 2000, False, 2023-06-28 17:13:28.637118  
NG5, 0.7518913828652607, 0.7440258012119078, 0.7599250457952212, 0.6964372784846906, 0.36409790028471983, 0.025599236800021914, 0.6099308914347776, 0.5169405972607832, 1000, 2000, False, 2023-06-28 17:13:28.677524  
NG5, 0.6698035443534813, 0.6486188472911565, 0.6924188023422678, 0.5209110179281019, 0.36409790028471983, 0.025599236800021914, 0.6099308914347776, 0.5169405972607832, 1000, 2000, False, 2023-06-28 17:13:28.716420  
NG5, 0.7492430995177362, 0.741135797845176, 0.7575297348471814, 0.6934601472198434, 0.36409790028471983, 0.025599236800021914, 0.6099308914347776, 0.5169405972607832, 1000, 2000, False, 2023-06-28 17:13:28.758821  
NG5, 0.7545406765027953, 0.7463122266618487, 0.7629525943697607, 0.6973777068152214, 0.36409790028471983, 0.025599236800021914, 0.6099308914347776, 0.5169405972607832, 1000, 2000, False, 2023-06-28 17:13:28.797716  
NG5, 0.6997950563787015, 0.6825622204255928, 0.7179205949297038, 0.5750852823636734, 0.36409790028471983, 0.025599236800021914, 0.6099308914347776, 0.5169405972607832, 1000, 2000, False, 2023-06-28 17:13:28.837612  
NG5, 0.7547272918848928, 0.7467823178447506, 0.7628431360442237, 0.6998850140829936, 0.36409790028471983, 0.025599236800021914, 0.6099308914347776, 0.5169405972607832, 1000, 2000, False, 2023-06-28 17:13:28.878027  
NG5, 0.735493694652352, 0.7252392876797443, 0.746042241725533, 0.6594000210283624, 0.36409790028471983, 0.025599236800021914, 0.6099308914347776, 0.5169405972607832, 1000, 2000, False, 2023-06-28 17:13:28.913936  
NG5, 0.6401387951260539, 0.5981078285526558, 0.6885235673399392, 0.46656760946807846, 0.36409790028471983, 0.025599236800021914, 0.6099308914347776, 0.5169405972607832, 1000, 2000, False, 2023-06-28 17:13:28.951189  
NG5, 0.7540802921444054, 0.7461841649606671, 0.7621453204109501, 0.6995875684788457, 0.36409790028471983, 0.025599236800021914, 0.6099308914347776, 0.5169405972607832, 1000, 2000, False, 2023-06-28 17:13:28.992573  
NG5, 0.6239352061246558, 0.5789030090752411, 0.6765643675535326, 0.4657451626305658, 0.36409790028471983, 0.025599236800021914, 0.6099308914347776, 0.5169405972607832, 1000, 2000, False, 2023-06-28 17:13:29.030471  
NG5, 0.75169715475538, 0.7433432029956499, 0.7602410099997843, 0.6941402178025972, 0.36409790028471983, 0.025599236800021914, 0.6099308914347776, 0.5169405972607832, 1000, 2000, False, 2023-06-28 17:13:29.070872  
NG5, 0.7310176172397603, 0.7193813957917992, 0.7430364669400769, 0.6455652793099026, 0.36409790028471983, 0.025599236800021914, 0.6099308914347776, 0.5169405972607832, 1000, 2000, False, 2023-06-28 17:13:29.106776  
NG5, 0.7035658379360564, 0.6877439823288767, 0.7201328129697265, 0.5904955033205788, 0.36409790028471983, 0.025599236800021914, 0.6099308914347776, 0.5169405972607832, 1000, 2000, False, 2023-06-28 17:13:29.148666  
NG5, 0.7491149394376786, 0.7403146082780577, 0.7581270117237313, 0.6858685224201143, 0.36409790028471983, 0.025599236800021914, 0.6099308914347776, 0.5169405972607832, 1000, 2000, False, 2023-06-28 17:13:29.191059  
NG5, 0.7546840846367445, 0.7470757857583261, 0.762448945400169, 0.7021288225648036, 0.36409790028471983, 0.025599236800021914, 0.6099308914347776, 0.5169405972607832, 1000, 2000, False, 2023-06-28 17:13:29.233453  
NG5, 0.7503145250424165, 0.7419137042417387, 0.7589077727021671, 0.6918038954101704, 0.36409790028471983, 0.025599236800021914, 0.6099308914347776, 0.5169405972607832, 1000, 2000, False, 2023-06-28 17:13:29.285644  
NG5, 0.710562332627366, 0.696543543111495, 0.7251570029694049, 0.6028670948164229, 0.36409790028471983, 0.025599236800021914, 0.6099308914347776, 0.5169405972607832, 1000, 2000, False, 2023-06-28 17:13:29.325616  
R5, 0.5286966006700722, 0.49997270770452, 0.5609220919475629, 0.4089518506831551, 0.47382944884649114, 0.11337275509563753, 0.30244325434372066, 0.13978698541144677, 1000, 500, False, 2023-06-28 17:13:29.692078  
R5, 0.5827597156913893, 0.5576799653472356, 0.610201439837305, 0.493152741549465, 0.47382944884649114, 0.11337275509563753, 0.30244325434372066, 0.13978698541144677, 1000, 500, False, 2023-06-28 17:13:29.718009  
R5, 0.5507128238130893, 0.5204089170028497, 0.584764200038517, 0.42469498968678016, 0.47382944884649114, 0.11337275509563753, 0.30244325434372066, 0.13978698541144677, 1000, 500, False, 2023-06-28 17:13:29.742943  
R5, 0.5626991920662822, 0.5389026606916325, 0.5886943961929549, 0.4794955697460385, 0.47382944884649114, 0.11337275509563753, 0.30244325434372066, 0.13978698541144677, 1000, 500, False, 2023-06-28 17:13:29.766392  
R5, 0.5224221750296917, 0.5050454181519702, 0.5410372795953636, 0.44464211007920035, 0.47382944884649114, 0.11337275509563753, 0.30244325434372066, 0.13978698541144677, 1000, 500, False, 2023-06-28 17:13:29.788334  
R5, 0.7576445182054483, 0.7551933775683392, 0.7601116220504874, 0.763023040193223, 0.47382944884649114, 0.11337275509563753, 0.30244325434372066, 0.13978698541144677, 1000, 500, False, 2023-06-28 17:13:29.811272  
R5, 0.5807171369665219, 0.5539963241146326, 0.6101462183581572, 0.47820965536101356, 0.47382944884649114, 0.11337275509563753, 0.30244325434372066, 0.13978698541144677, 1000, 500, False, 2023-06-28 17:13:29.833214  
R5, 0.5146486295805467, 0.4972934497306819, 0.5332589802993483, 0.43685367126526053, 0.47382944884649114, 0.11337275509563753, 0.30244325434372066, 0.13978698541144677, 1000, 500, False, 2023-06-28 17:13:29.857677  
R5, 0.553905418967509, 0.5357234892052775, 0.5733648599318727, 0.47679973529321606, 0.47382944884649114, 0.11337275509563753, 0.30244325434372066, 0.13978698541144677, 1000, 500, False, 2023-06-28 17:13:29.879605  
R5, 0.5634422370477193, 0.5406236837127731, 0.5882719190708646, 0.48256966651990385, 0.47382944884649114, 0.11337275509563753, 0.30244325434372066, 0.13978698541144677, 1000, 500, False, 2023-06-28 17:13:29.902544  
R5, 0.553677705511953, 0.5225130918771284, 0.5887956564868352, 0.42161286120439523, 0.47382944884649114, 0.11337275509563753, 0.30244325434372066, 0.13978698541144677, 1000, 500, False, 2023-06-28 17:13:29.925482  
R5, 0.5210238960190241, 0.5026660406346182, 0.5407734720663407, 0.45264188214073603, 0.47382944884649114, 0.11337275509563753, 0.30244325434372066, 0.13978698541144677, 1000, 500, False, 2023-06-28 17:13:29.947424  
R5, 0.5168265074608813, 0.4864321264120373, 0.5512723882319975, 0.3838424644385608, 0.47382944884649114, 0.11337275509563753, 0.30244325434372066, 0.13978698541144677, 1000, 500, False, 2023-06-28 17:13:29.970874  
R5, 0.5596811992962377, 0.5359855976284644, 0.5855688466522928, 0.4821539951963959, 0.47382944884649114, 0.11337275509563753, 0.30244325434372066, 0.13978698541144677, 1000, 500, False, 2023-06-28 17:13:29.993812  
R5, 0.5516417385662675, 0.528487667541656, 0.5769176198513004, 0.47895285407882343, 0.47382944884649114, 0.11337275509563753, 0.30244325434372066, 0.13978698541144677, 1000, 500, False, 2023-06-28 17:13:30.017749  
R5, 0.5684892894479175, 0.5421106630538393, 0.5975663401436739, 0.46561787116588094, 0.47382944884649114, 0.11337275509563753, 0.30244325434372066, 0.13978698541144677, 1000, 500, False, 2023-06-28 17:13:30.040688  
R5, 0.6109087612928712, 0.5899805322799722, 0.6333763594185976, 0.5523155904066208, 0.47382944884649114, 0.11337275509563753, 0.30244325434372066, 0.13978698541144677, 1000, 500, False, 2023-06-28 17:13:30.063152  
R5, 0.5964911932825171, 0.5698038112504585, 0.6258012776355126, 0.495464696197327, 0.47382944884649114, 0.11337275509563753, 0.30244325434372066, 0.13978698541144677, 1000, 500, False, 2023-06-28 17:13:30.087088  
R5, 0.5570373627390279, 0.5347960374631712, 0.5812089270245525, 0.4823036522286097, 0.47382944884649114, 0.11337275509563753, 0.30244325434372066, 0.13978698541144677, 1000, 500, False, 2023-06-28 17:13:30.109029  
R5, 0.5731737252973899, 0.5567592735193849, 0.5905854448064118, 0.5254766885785819, 0.47382944884649114, 0.11337275509563753, 0.30244325434372066, 0.13978698541144677, 1000, 500, False, 2023-06-28 17:13:30.130970  
R5, 0.6051272474047048, 0.5983352197857957, 0.6120752455082273, 0.5558140723584849, 0.47382944884649114, 0.11337275509563753, 0.30244325434372066, 0.13978698541144677, 1000, 500, False, 2023-06-28 17:13:30.154421  
R5, 0.5526014809939135, 0.525004132320402, 0.5832611668885757, 0.4419942894132995, 0.47382944884649114, 0.11337275509563753, 0.30244325434372066, 0.13978698541144677, 1000, 500, False, 2023-06-28 17:13:30.175368  
R5, 0.5945972307250891, 0.5669874299152284, 0.6250336267054784, 0.48719897537581563, 0.47382944884649114, 0.11337275509563753, 0.30244325434372066, 0.13978698541144677, 1000, 500, False, 2023-06-28 17:13:30.196312  
R5, 0.555407937955615, 0.5360776698579498, 0.5761844030286487, 0.4679449176161351, 0.47382944884649114, 0.11337275509563753, 0.30244325434372066, 0.13978698541144677, 1000, 500, False, 2023-06-28 17:13:30.219251  
R5, 0.5315532054230669, 0.5027375954116048, 0.5638729338587106, 0.4119290253145706, 0.47382944884649114, 0.11337275509563753, 0.30244325434372066, 0.13978698541144677, 1000, 500, False, 2023-06-28 17:13:30.243190  
R5, 0.5810338574225392, 0.5575939592760131, 0.6065309479227384, 0.5021276984100728, 0.47382944884649114, 0.11337275509563753, 0.30244325434372066, 0.13978698541144677, 1000, 500, False, 2023-06-28 17:13:30.265640  
R5, 0.5102408610335849, 0.4749964234352241, 0.5511347120360074, 0.3606064038910867, 0.47382944884649114, 0.11337275509563753, 0.30244325434372066, 0.13978698541144677, 1000, 500, False, 2023-06-28 17:13:30.288579  
R5, 0.5467778901919934, 0.5193489809317464, 0.5772656096392307, 0.4358975676120664, 0.47382944884649114, 0.11337275509563753, 0.30244325434372066, 0.13978698541144677, 1000, 500, False, 2023-06-28 17:13:30.312515  
R5, 0.537048668995359, 0.5136595228695271, 0.5626694496740632, 0.4582930412300006, 0.47382944884649114, 0.11337275509563753, 0.30244325434372066, 0.13978698541144677, 1000, 500, False, 2023-06-28 17:13:30.336451  
R5, 0.5796958055120788, 0.5559758345946483, 0.6055299363992525, 0.49930149248870753, 0.47382944884649114, 0.11337275509563753, 0.30244325434372066, 0.13978698541144677, 1000, 500, False, 2023-06-28 17:13:30.358903  
R5, 0.5354671939047191, 0.5078726749040018, 0.5662326148901368, 0.4379002120453859, 0.47382944884649114, 0.11337275509563753, 0.30244325434372066, 0.13978698541144677, 1000, 500, False, 2023-06-28 17:13:30.379847  
NG6, 0.6829695010054506, 0.6646588366051983, 0.702317626158891, 0.5436156534014853, 0.4025369469853805, 0.026293985347148125, 0.6390894595075094, 0.5436943492754908, 1000, 2400, False, 2023-06-28 17:13:35.491137  
NG6, 0.6961585501184693, 0.6812601463241718, 0.7117231459266579, 0.5806834180832424, 0.4025369469853805, 0.026293985347148125, 0.6390894595075094, 0.5436943492754908, 1000, 2400, False, 2023-06-28 17:13:35.545992  
NG6, 0.6595202133995969, 0.6441974770101347, 0.6755896366419265, 0.5462970065771052, 0.4025369469853805, 0.026293985347148125, 0.6390894595075094, 0.5436943492754908, 1000, 2400, False, 2023-06-28 17:13:35.601355  
NG6, 0.6742068047743011, 0.661365396461624, 0.6875567579379516, 0.5801114970365555, 0.4025369469853805, 0.026293985347148125, 0.6390894595075094, 0.5436943492754908, 1000, 2400, False, 2023-06-28 17:13:35.657207  
NG6, 0.6712126868663755, 0.651758778164035, 0.691863659143827, 0.527831035761411, 0.4025369469853805, 0.026293985347148125, 0.6390894595075094, 0.5436943492754908, 1000, 2400, False, 2023-06-28 17:13:35.710577  
NG6, 0.6975263538614579, 0.6822581840466244, 0.7134935356690363, 0.5775809857553075, 0.4025369469853805, 0.026293985347148125, 0.6390894595075094, 0.5436943492754908, 1000, 2400, False, 2023-06-28 17:13:35.767935  
NG6, 0.5975657663222421, 0.5697354876940695, 0.6282545685282074, 0.45812606487904345, 0.4025369469853805, 0.026293985347148125, 0.6390894595075094, 0.5436943492754908, 1000, 2400, False, 2023-06-28 17:13:35.824783  
NG6, 0.6903982225246895, 0.6738074403179427, 0.7078266403903459, 0.5594446304785466, 0.4025369469853805, 0.026293985347148125, 0.6390894595075094, 0.5436943492754908, 1000, 2400, False, 2023-06-28 17:13:35.886133  
NG6, 0.6970454126019829, 0.6835990957535008, 0.7110313181606255, 0.5941652895570356, 0.4025369469853805, 0.026293985347148125, 0.6390894595075094, 0.5436943492754908, 1000, 2400, False, 2023-06-28 17:13:35.943979  
NG6, 0.6529589265883458, 0.6354107376262734, 0.6715039033845872, 0.5236898108782043, 0.4025369469853805, 0.026293985347148125, 0.6390894595075094, 0.5436943492754908, 1000, 2400, False, 2023-06-28 17:13:36.001344  
NG6, 0.6907533248218408, 0.6751170389789127, 0.7071310832060043, 0.5709770256893041, 0.4025369469853805, 0.026293985347148125, 0.6390894595075094, 0.5436943492754908, 1000, 2400, False, 2023-06-28 17:13:36.060700  
NG6, 0.6169100222653587, 0.5758854455730367, 0.6642278837751183, 0.41622955198344197, 0.4025369469853805, 0.026293985347148125, 0.6390894595075094, 0.5436943492754908, 1000, 2400, False, 2023-06-28 17:13:36.116550  
NG6, 0.6841577687107981, 0.6672388258027482, 0.7019570495468591, 0.5568460940409161, 0.4025369469853805, 0.026293985347148125, 0.6390894595075094, 0.5436943492754908, 1000, 2400, False, 2023-06-28 17:13:36.177898  
NG6, 0.6013910143088563, 0.5751493830964324, 0.6301417126872123, 0.47910779947133286, 0.4025369469853805, 0.026293985347148125, 0.6390894595075094, 0.5436943492754908, 1000, 2400, False, 2023-06-28 17:13:36.238735  
NG6, 0.6745168828172775, 0.6531423800243443, 0.6973377059633354, 0.5139863898028169, 0.4025369469853805, 0.026293985347148125, 0.6390894595075094, 0.5436943492754908, 1000, 2400, False, 2023-06-28 17:13:36.289114  
NG6, 0.6554750715301607, 0.6297040267661531, 0.683445521751465, 0.46569875413667605, 0.4025369469853805, 0.026293985347148125, 0.6390894595075094, 0.5436943492754908, 1000, 2400, False, 2023-06-28 17:13:36.351964  
NG6, 0.6626496556413406, 0.649194503657337, 0.6766743527209439, 0.5625501035953101, 0.4025369469853805, 0.026293985347148125, 0.6390894595075094, 0.5436943492754908, 1000, 2400, False, 2023-06-28 17:13:36.411302  
NG6, 0.680875848459619, 0.6650893936979775, 0.6974299330562637, 0.5624409285506181, 0.4025369469853805, 0.026293985347148125, 0.6390894595075094, 0.5436943492754908, 1000, 2400, False, 2023-06-28 17:13:36.477656  
NG6, 0.6806685155439157, 0.6650318997057736, 0.6970581511866163, 0.5637059370773431, 0.4025369469853805, 0.026293985347148125, 0.6390894595075094, 0.5436943492754908, 1000, 2400, False, 2023-06-28 17:13:36.529530  
NG6, 0.5801249515119287, 0.5406537985032599, 0.6258132867548154, 0.4097633602018006, 0.4025369469853805, 0.026293985347148125, 0.6390894595075094, 0.5436943492754908, 1000, 2400, False, 2023-06-28 17:13:36.590866  
NG6, 0.6857902776708623, 0.6670741891249272, 0.7055869171350213, 0.5437274746874714, 0.4025369469853805, 0.026293985347148125, 0.6390894595075094, 0.5436943492754908, 1000, 2400, False, 2023-06-28 17:13:36.645719  
NG6, 0.6847125354961786, 0.6678728114764083, 0.7024234174049279, 0.5537064875480816, 0.4025369469853805, 0.026293985347148125, 0.6390894595075094, 0.5436943492754908, 1000, 2400, False, 2023-06-28 17:13:36.701087  
NG6, 0.701439978974144, 0.6870407993723467, 0.7164556425017369, 0.5886402765306653, 0.4025369469853805, 0.026293985347148125, 0.6390894595075094, 0.5436943492754908, 1000, 2400, False, 2023-06-28 17:13:36.757936  
NG6, 0.659153241737776, 0.6455048991508004, 0.6733912031343893, 0.5570343263708113, 0.4025369469853805, 0.026293985347148125, 0.6390894595075094, 0.5436943492754908, 1000, 2400, False, 2023-06-28 17:13:36.816291  
NG6, 0.6935686784084615, 0.6783736575448109, 0.70946000836977, 0.5760893479362146, 0.4025369469853805, 0.026293985347148125, 0.6390894595075094, 0.5436943492754908, 1000, 2400, False, 2023-06-28 17:13:36.868664  
NG6, 0.6987765257549493, 0.6832725469037303, 0.7150004347487926, 0.577888736799627, 0.4025369469853805, 0.026293985347148125, 0.6390894595075094, 0.5436943492754908, 1000, 2400, False, 2023-06-28 17:13:36.919528  
NG6, 0.6929643032166533, 0.6759391849564851, 0.7108692164802153, 0.5645700081689763, 0.4025369469853805, 0.026293985347148125, 0.6390894595075094, 0.5436943492754908, 1000, 2400, False, 2023-06-28 17:13:36.980876  
NG6, 0.701770086075434, 0.6869708347589741, 0.7172210098068629, 0.586710015592175, 0.4025369469853805, 0.026293985347148125, 0.6390894595075094, 0.5436943492754908, 1000, 2400, False, 2023-06-28 17:13:37.036727  
NG6, 0.6893778772273308, 0.6715445602387672, 0.7081841840431256, 0.5546554105466736, 0.4025369469853805, 0.026293985347148125, 0.6390894595075094, 0.5436943492754908, 1000, 2400, False, 2023-06-28 17:13:37.088102  
NG6, 0.6540355223626309, 0.6382041449258803, 0.6706723094337264, 0.5336724835452501, 0.4025369469853805, 0.026293985347148125, 0.6390894595075094, 0.5436943492754908, 1000, 2400, False, 2023-06-28 17:13:37.146944  
NG6, 0.6788954515598045, 0.6571987244972931, 0.7020736781836872, 0.5131161745821406, 0.4025369469853805, 0.026293985347148125, 0.6390894595075094, 0.5436943492754908, 1000, 2400, False, 2023-06-28 17:13:37.201312  
R6, 0.6818446308752235, 0.6612470818247546, 0.70376664519159, 0.576781395765054, 0.4665895574064846, 0.06472566137970855, 0.3257699970352392, 0.0848087658358895, 1000, 1197, False, 2023-06-28 17:13:38.132982  
R6, 0.6354266579368787, 0.6109306709624115, 0.6619690906425999, 0.5086597174424184, 0.4665895574064846, 0.06472566137970855, 0.3257699970352392, 0.0848087658358895, 1000, 1197, False, 2023-06-28 17:13:38.169323  
R6, 0.4743788752475168, 0.40113392414388876, 0.5803472376475298, 0.2485668112791493, 0.4665895574064846, 0.06472566137970855, 0.3257699970352392, 0.0848087658358895, 1000, 1197, False, 2023-06-28 17:13:38.203232  
R6, 0.6038135986291449, 0.5788904170572674, 0.6309793856833501, 0.4723300046679156, 0.4665895574064846, 0.06472566137970855, 0.3257699970352392, 0.0848087658358895, 1000, 1197, False, 2023-06-28 17:13:38.231157  
R6, 0.5382614018233179, 0.4799373385020619, 0.6127220365598978, 0.34413335902230674, 0.4665895574064846, 0.06472566137970855, 0.3257699970352392, 0.0848087658358895, 1000, 1197, False, 2023-06-28 17:13:38.260082  
R6, 0.5522887939883283, 0.4977805701682102, 0.6202025301915306, 0.37812813509615056, 0.4665895574064846, 0.06472566137970855, 0.3257699970352392, 0.0848087658358895, 1000, 1197, False, 2023-06-28 17:13:38.288522  
R6, 0.519392064524742, 0.4826239146784164, 0.5622244932242564, 0.34658971582461157, 0.4665895574064846, 0.06472566137970855, 0.3257699970352392, 0.0848087658358895, 1000, 1197, False, 2023-06-28 17:13:38.316447  
R6, 0.5415233200565535, 0.4921395519220546, 0.6019233488225887, 0.37217233099524005, 0.4665895574064846, 0.06472566137970855, 0.3257699970352392, 0.0848087658358895, 1000, 1197, False, 2023-06-28 17:13:38.346367  
R6, 0.5723237737296543, 0.5314396177923411, 0.6200227114263457, 0.4175050299613964, 0.4665895574064846, 0.06472566137970855, 0.3257699970352392, 0.0848087658358895, 1000, 1197, False, 2023-06-28 17:13:38.378787  
R6, 0.6982019025375129, 0.6686128854059348, 0.7305310675048113, 0.5752256799934394, 0.4665895574064846, 0.06472566137970855, 0.3257699970352392, 0.0848087658358895, 1000, 1197, False, 2023-06-28 17:13:38.407710  
R6, 0.5350278270362306, 0.5142187989726126, 0.5575920519949352, 0.40412621601874205, 0.4665895574064846, 0.06472566137970855, 0.3257699970352392, 0.0848087658358895, 1000, 1197, False, 2023-06-28 17:13:38.437630  
R6, 0.6540905001696501, 0.624443815751176, 0.6866925650051053, 0.5229775282145667, 0.4665895574064846, 0.06472566137970855, 0.3257699970352392, 0.0848087658358895, 1000, 1197, False, 2023-06-28 17:13:38.465062  
R6, 0.5157078485682917, 0.48280675870910716, 0.5534209769896451, 0.356220039151885, 0.4665895574064846, 0.06472566137970855, 0.3257699970352392, 0.0848087658358895, 1000, 1197, False, 2023-06-28 17:13:38.493986  
R6, 0.6107659281242196, 0.5810236374307008, 0.6437174834189566, 0.4678374926564722, 0.4665895574064846, 0.06472566137970855, 0.3257699970352392, 0.0848087658358895, 1000, 1197, False, 2023-06-28 17:13:38.522908  
R6, 0.56893375796326, 0.5274741814699976, 0.6174667699681277, 0.38622267853208636, 0.4665895574064846, 0.06472566137970855, 0.3257699970352392, 0.0848087658358895, 1000, 1197, False, 2023-06-28 17:13:38.551832  
R6, 0.5650699615640669, 0.5403321526737488, 0.5921815714709102, 0.42994141257437235, 0.4665895574064846, 0.06472566137970855, 0.3257699970352392, 0.0848087658358895, 1000, 1197, False, 2023-06-28 17:13:38.581258  
R6, 0.6396666716310699, 0.6098158710158037, 0.6725903135012654, 0.49812666095245445, 0.4665895574064846, 0.06472566137970855, 0.3257699970352392, 0.0848087658358895, 1000, 1197, False, 2023-06-28 17:13:38.608186  
R6, 0.6253255515583249, 0.6010646474716351, 0.651627328208183, 0.5261676640162811, 0.4665895574064846, 0.06472566137970855, 0.3257699970352392, 0.0848087658358895, 1000, 1197, False, 2023-06-28 17:13:38.636111  
R6, 0.5861571879490496, 0.53657673108945, 0.6458330883776747, 0.39134784238456066, 0.4665895574064846, 0.06472566137970855, 0.3257699970352392, 0.0848087658358895, 1000, 1197, False, 2023-06-28 17:13:38.666537  
R6, 0.5122813190161261, 0.47353717353669017, 0.5579303995431131, 0.33544680320771, 0.4665895574064846, 0.06472566137970855, 0.3257699970352392, 0.0848087658358895, 1000, 1197, False, 2023-06-28 17:13:38.696457  
R6, 0.6715009799790246, 0.647823091384363, 0.6969753813267937, 0.554804916297385, 0.4665895574064846, 0.06472566137970855, 0.3257699970352392, 0.0848087658358895, 1000, 1197, False, 2023-06-28 17:13:38.727375  
R6, 0.5540373043780998, 0.5299297143884012, 0.5804428400964567, 0.406914654991461, 0.4665895574064846, 0.06472566137970855, 0.3257699970352392, 0.0848087658358895, 1000, 1197, False, 2023-06-28 17:13:38.758293  
R6, 0.5459107824780288, 0.5185773272308456, 0.5762859765370689, 0.4275958612419166, 0.4665895574064846, 0.06472566137970855, 0.3257699970352392, 0.0848087658358895, 1000, 1197, False, 2023-06-28 17:13:38.789714  
R6, 0.5417718576532433, 0.51319239967791, 0.5737221930768521, 0.38820067681169446, 0.4665895574064846, 0.06472566137970855, 0.3257699970352392, 0.0848087658358895, 1000, 1197, False, 2023-06-28 17:13:38.818637  
R6, 0.5365694989459897, 0.4834630436416747, 0.6027827390488603, 0.34123232503469547, 0.4665895574064846, 0.06472566137970855, 0.3257699970352392, 0.0848087658358895, 1000, 1197, False, 2023-06-28 17:13:38.849554  
R6, 0.6280509205096757, 0.6046323442959267, 0.653356684336646, 0.5027542740968022, 0.4665895574064846, 0.06472566137970855, 0.3257699970352392, 0.0848087658358895, 1000, 1197, False, 2023-06-28 17:13:38.877986  
R6, 0.6500251756746158, 0.6345286942925255, 0.6662975163099636, 0.5377934405439255, 0.4665895574064846, 0.06472566137970855, 0.3257699970352392, 0.0848087658358895, 1000, 1197, False, 2023-06-28 17:13:38.907906  
R6, 0.6575113781230877, 0.6224719019575835, 0.6967309602413658, 0.4909175850581283, 0.4665895574064846, 0.06472566137970855, 0.3257699970352392, 0.0848087658358895, 1000, 1197, False, 2023-06-28 17:13:38.936828  
R6, 0.4986543769446175, 0.44585925346382005, 0.5656320464820751, 0.2927717636572717, 0.4665895574064846, 0.06472566137970855, 0.3257699970352392, 0.0848087658358895, 1000, 1197, False, 2023-06-28 17:13:38.966256  
R6, 0.5680002613137025, 0.5219433692776282, 0.6229720412714435, 0.41011879545572805, 0.4665895574064846, 0.06472566137970855, 0.3257699970352392, 0.0848087658358895, 1000, 1197, False, 2023-06-28 17:13:38.998172  
R6, 0.5403014388692274, 0.4975989756629745, 0.5910211117658049, 0.374250117885851, 0.4665895574064846, 0.06472566137970855, 0.3257699970352392, 0.0848087658358895, 1000, 1197, False, 2023-06-28 17:13:39.029090  
